Date,Activity Type,Content,Upvotes
2023-10-14 07:33:17,Post,ETHGate Conspiracy: Ripple CTO And Cardano Founder Clash Over SEC’s ETH ‘Favoritism’,0
2023-10-09 05:51:31,Post,"ETH Price Update: Ethereum Struggles to Defend $1,600 as Bulls Aim for $1,750",5
2023-10-08 08:12:06,Post,Vitalik Buterin Proposes Decentralized Solutions and Enhanced Security for Ethereum Staking,5
2023-10-01 06:15:50,Post,Ethereum's EIP-7503 Takes Privacy to New Heights at Execution Layer Summit,14
2023-10-27 18:00:22,Comment,!myactivity,1
2023-10-25 07:40:38,Comment,"So far, it seems like none of the mods have been caught doing insider trading, except for the newest mod, who has already deleted their account.",1
2023-10-23 18:08:36,Comment,"I don't think any OG mods of our community, will ever be involved in insider trading or rug pull type of stuff.",2
2023-10-10 19:52:00,Comment,Money laundering 101.,1
2023-10-09 11:16:22,Comment,!monthlystats,2
2023-10-08 13:32:41,Comment,*pretends to be surprised*,1
2023-10-08 13:00:38,Comment,"I've just shared a post discussing Vitalik Buterin's latest ideas to improve decentralization and security in Ethereum staking. Would love to hear your thoughts and feedback on this!

*https://www.reddit.com/r/ethtrader/comments/172tr0u/vitalik\_buterin\_proposes\_decentralized\_solutions/?utm\_source=share&utm\_medium=web2x&context=3*",3
2023-10-08 08:20:11,Comment,I've just written a post on Vitalik Buterin's recent proposals for enhancing decentralization and security in Ethereum staking. Would greatly appreciate your feedback! https://www.reddit.com/r/ethtrader/comments/172tr0u/vitalik\_buterin\_proposes\_decentralized\_solutions/?utm\_source=share&utm\_medium=web2x&context=3,5
2023-10-05 16:30:58,Comment,!donut,1
