Date,Activity Type,Upvotes,Content
2023-10-28 06:44:52,Comment,1,!myactivity
2023-10-28 01:34:27,Comment,1,Thatâ€™s a chart alright. ğŸ“ˆ
2023-10-27 08:40:36,Comment,3,![img](avatar_exp|147917573|dizziness)
2023-10-27 07:59:30,Comment,3,![img](avatar_exp|147917573|take_my_energy)
2023-10-27 03:01:56,Comment,2,![img](avatar_exp|147899201|fire)
2023-10-26 14:28:00,Comment,1,# 166 ğŸ˜Š
2023-10-26 07:08:16,Comment,3,![img](emote|t5_37jgj|32637)![img](emote|t5_37jgj|32641)
2023-10-26 07:05:36,Comment,1,From the oven. ![img](emote|t5_37jgj|32638)
2023-10-26 06:56:00,Comment,1,Of course they want to kill it. Thatâ€™s the beauty of crypto. ![img](emote|t5_37jgj|32641)
2023-10-26 03:00:41,Comment,1,Bullish?
2023-10-25 22:50:04,Comment,2,Round 2 incoming! ![img](emote|t5_37jgj|32640)
2023-10-25 15:34:08,Comment,-1,Donuts ftw! ![img](emote|t5_37jgj|32641)
2023-10-25 05:29:42,Comment,1,Interesting stuff indeed.
2023-10-25 00:44:42,Comment,1,!just the tip 69
2023-10-24 20:40:28,Comment,1,I find it hilarious that Reddit just casually dropped gen 5 avatars after all this like nothing happened lol
2023-10-24 20:36:49,Comment,1,Fuck Spez!
2023-10-24 15:09:43,Comment,2,![img](emote|t5_37jgj|32640)
2023-10-24 08:56:51,Comment,1,You da best! Thank you! ğŸ˜Š
2023-10-24 08:54:06,Comment,1,Please integrate Tacos/Plungers too! ğŸŒ®ğŸª 
2023-10-24 05:50:20,Comment,1,Donuts dropped in price because of the CC rug pull.
2023-10-24 05:45:48,Comment,2,Rekt ğŸ’€
2023-10-24 05:41:29,Comment,8,Number go up!
2023-10-24 05:16:26,Comment,1,Pump it!
2023-10-24 03:19:49,Comment,1,1969 ğŸ˜‰
2023-10-24 03:19:11,Comment,4,Itâ€™s where you convince family members to buy at thanksgiving! ğŸ’€
2023-10-24 03:18:40,Comment,1,PUMPTOBER! ![img](emote|t5_37jgj|32641)
2023-10-23 18:11:45,Comment,1,I believe the next step is to retest the bottom unfortunately ğŸ’€
2023-10-23 09:48:36,Comment,3,Letâ€™s hope not. Pretty sure they could also be IP banned.
2023-10-23 09:41:29,Comment,2,I totally agree with you! A permaban is essential in this situation.
2023-10-23 09:36:48,Comment,1,ğŸ§ 
2023-10-23 09:17:00,Comment,1,Absolutely. ![img](emote|t5_37jgj|32640)
2023-10-22 23:04:07,Comment,3,Love me some avatars and donuts! ![img](emote|t5_37jgj|32641)
2023-10-22 02:33:47,Comment,5,Blockchain doesnâ€™t lie! ![img](emote|t5_37jgj|32637)
2023-10-22 00:00:47,Comment,1,And they say NFTs are dead! ![img](emote|t5_37jgj|32641)
2023-10-21 21:03:28,Comment,2,Thatâ€™s pretty legendary if they arenâ€™t a mod lol ![img](emote|t5_37jgj|32649)
2023-10-21 19:45:56,Comment,1,Iâ€™ll stay here with my bronuts! ![img](emote|t5_37jgj|32637)
2023-10-21 19:14:10,Comment,0,![img](emote|t5_37jgj|32637)![img](emote|t5_37jgj|32641)
2023-10-21 17:54:30,Comment,0,ğŸ’€
2023-10-21 17:54:00,Comment,0,Bronuts for life! ![img](emote|t5_37jgj|32636)
2023-10-21 09:06:23,Comment,1,Rekt
2023-10-21 08:56:47,Comment,1,She said Lambo! Bullrun confirmed! ![img](emote|t5_37jgj|32641)
2023-10-21 08:32:12,Comment,2,Exactly! ![img](emote|t5_37jgj|32646)
2023-10-21 08:30:59,Comment,3,Foenut
2023-10-21 07:56:15,Comment,6,"Perhaps I would have sold but I am just a regular member. This has nothing to do with me.  I am not one of the â€œleadersâ€ of a massive crypto sub. If I were to be in the mods position, I would not have done that. This person should be removed from being a mod from this sub for that alone. They are shady and have no interest other than to make money when everyone else is shit out of luck."
2023-10-21 06:38:34,Comment,16,If this is true I totally agree. They are not a bronut. ![img](emote|t5_37jgj|32640)
2023-10-20 22:58:22,Comment,1,I contribute by spreading positive vibes to my fellow bronuts. ![img](emote|t5_37jgj|32641)
2023-10-20 21:35:20,Comment,1,![img](emote|t5_37jgj|32641)
2023-10-20 21:18:43,Comment,1,That sucks but moons were destined to fail. Sorry to hear that happened to you. I got downvoted to oblivion for telling people to sell when it peaked.
2023-10-20 20:52:26,Comment,-1,This is the Gwei! ![img](emote|t5_37jgj|32646)
2023-10-20 20:35:12,Comment,7,HODL ![img](emote|t5_37jgj|32641)
2023-10-20 19:22:06,Comment,1,![img](emote|t5_37jgj|32641)
2023-10-20 19:10:16,Comment,2,Welcome new Bronuts! ![img](emote|t5_37jgj|32638)![img](emote|t5_37jgj|32641)
2023-10-20 12:06:16,Comment,2,Same. That sub was so toxic. Grateful for my bronuts!
2023-10-20 01:13:03,Comment,3,![img](emote|t5_37jgj|32641)
2023-10-19 23:17:37,Comment,1,wen ferrari!?? ![img](emote|t5_37jgj|32641)
2023-10-19 22:32:00,Comment,0,![img](emote|t5_37jgj|32641)
2023-10-19 18:53:51,Comment,1,The D in donuts stands for decentralized ![img](emote|t5_37jgj|32641)
2023-10-19 17:36:14,Comment,0,![img](emote|t5_37jgj|32637)![img](emote|t5_37jgj|32641)
2023-10-19 11:45:14,Comment,1,Nice ![img](emote|t5_37jgj|32641)
2023-10-19 09:25:45,Comment,0,They knew exactly what they were doing. Mods wanted an excuse to cash out and buy back in lower. Now they are gonna act like they want to keep the project going after they likely have accumulated more tokens at a lower price.
2023-10-19 07:17:28,Comment,1,Epic! Itâ€™s a fun community so far!
2023-10-19 07:14:56,Comment,2,You will be rewarded with donuts Bronut! ğŸ©ğŸ«¡
2023-10-19 07:13:29,Comment,2,ğŸŒ®ğŸŒ®ğŸŒ®ğŸŒ®ğŸŒ®ğŸ¥³
2023-10-19 07:13:03,Comment,2,They probably donâ€™t want you to have donuts. Iâ€™m upvoting tho.
2023-10-19 07:11:10,Comment,1,Iâ€™m upvoting you.
2023-10-19 07:10:35,Comment,2,It sure is!
2023-10-19 07:10:23,Comment,1,That would be a good way to spend the money too! ğŸ˜‚
2023-10-19 07:07:23,Comment,2,r/tacoplanet itâ€™s a community token like donuts and bitcone. Itâ€™s pretty new.
2023-10-19 07:06:03,Comment,1,Tacos!! ğŸŒ®ğŸŒ®ğŸŒ®
2023-10-19 03:14:50,Comment,2,![img](emote|t5_37jgj|32635)ğŸ’€
2023-10-19 02:26:40,Comment,1,Thereâ€™s a whole bunch of them! ![img](emote|t5_37jgj|32638)![img](emote|t5_37jgj|32641)![img](emote|t5_37jgj|32646)![img](emote|t5_37jgj|32650)![img](emote|t5_37jgj|32649)![img](emote|t5_37jgj|32648)
2023-10-19 02:12:15,Comment,2,![img](emote|t5_37jgj|32641)
2023-10-19 01:49:19,Comment,4,Soonâ„¢ï¸ ![img](emote|t5_37jgj|32641)![img](emote|t5_37jgj|32641)![img](emote|t5_37jgj|32641)
2023-10-19 00:01:48,Comment,4,It was a rug pull
2023-10-18 23:56:14,Comment,1,We are all just some Bronuts on this sub! Welcome! ![img](emote|t5_37jgj|32638)![img](emote|t5_37jgj|32641)
2023-10-18 23:54:54,Comment,1,Donuts for the win! ![img](emote|t5_37jgj|32641)
2023-10-18 23:46:33,Comment,0,That sub was hella toxic! ![img](emote|t5_37jgj|32641)
2023-10-18 23:44:09,Comment,1,Bronuts through all the ups and down! ![img](emote|t5_37jgj|32638)
2023-10-18 22:43:36,Comment,1,Fuck Spez is what happened.
2023-10-18 08:18:19,Comment,1,ğŸ’€
2023-10-18 01:29:52,Comment,1,I am aware. I have been commenting fuck Spez all day.
2023-10-18 01:28:00,Comment,1,Reddit rugged the project.
2023-10-18 01:24:57,Comment,2,Moons at the moment
2023-10-17 20:15:31,Comment,2,Decentralization is key here. ![img](emote|t5_37jgj|32646)
2023-10-17 18:55:06,Comment,0,Time to shine bronuts! ![img](emote|t5_37jgj|32641)
2023-10-17 08:35:22,Comment,4,Yes.
2023-10-17 08:28:33,Comment,1,Iâ€™m surprised no one has a billy yet. ![img](emote|t5_37jgj|32637)
2023-10-16 17:25:24,Comment,2,And you wonâ€™t feel the urge to constantly check prices!
2023-10-16 07:50:16,Comment,1,This fucking guy lmao
2023-10-16 07:40:13,Comment,2,Stay safe bronuts! ![img](emote|t5_37jgj|32638)
2023-10-16 06:02:52,Comment,0,Probably not butâ€¦ soon! ![img](emote|t5_37jgj|32641)
2023-10-16 05:59:59,Comment,1,ğŸ˜
2023-10-16 05:57:55,Comment,1,Boing! ![img](emote|t5_37jgj|32641)
2023-10-16 00:36:15,Comment,2,This is the Gwei! ![img](emote|t5_37jgj|32641)
2023-10-16 00:33:42,Comment,2,$1000K Eth incoming! ![img](emote|t5_37jgj|32641)
2023-10-15 22:50:02,Comment,2,![img](emote|t5_37jgj|32641)
2023-10-15 20:33:23,Comment,1,Donâ€™t get rekt bronuts. ğŸ’€
2023-10-15 20:23:27,Comment,2,![img](emote|t5_37jgj|32640)
2023-10-15 15:05:36,Comment,1,This is the Gwei! ![img](emote|t5_37jgj|32637)
2023-10-15 08:28:33,Comment,2,They had to start somewhere.
2023-10-15 08:16:24,Comment,1,Someone say Taco? ğŸŒ®
2023-10-15 07:53:57,Comment,1,Unless we are talking about Inverse Cramer lol
2023-10-15 07:24:17,Comment,1,![img](emote|t5_37jgj|32641)
2023-10-15 06:40:04,Comment,3,I donâ€™t think thatâ€™s how technology progresses.
2023-10-15 06:37:19,Comment,1,Probably PEPE lol
2023-10-15 05:15:07,Comment,3,*art* ğŸ¨
2023-10-15 00:03:34,Comment,8,Created by Whales for Whales â„¢ï¸
2023-10-14 22:17:49,Comment,6,For real lol.
2023-10-14 22:11:00,Comment,2,You definitely are.
2023-10-14 22:06:28,Comment,1,Just donâ€™t care to hear about your shitcoin shilling.
2023-10-14 21:40:21,Comment,1,ğŸ¥±
2023-10-14 21:37:07,Comment,1,"Doge ğŸ¤¡

Donuts ğŸ¥³"
2023-10-14 21:26:53,Comment,1,We only like Eth and Donuts here buddy. ![img](emote|t5_37jgj|32637)![img](emote|t5_37jgj|32638)
2023-10-14 18:14:46,Comment,1,It will pump hard! ![img](emote|t5_37jgj|32641)
2023-10-14 08:22:34,Comment,1,Didnâ€™t see that one coming. ğŸ¥±
2023-10-14 08:11:08,Comment,3,They just jelly. ![img](emote|t5_37jgj|32637)
2023-10-14 07:43:33,Comment,2,Interesting.
2023-10-14 07:34:50,Comment,1,RIP ğŸ’€
2023-10-14 07:33:07,Comment,2,Iâ€™m a happy Californian! ![img](emote|t5_37jgj|32641)
2023-10-14 07:12:17,Comment,2,Iâ€™ll take one of each plz!
2023-10-14 07:11:26,Comment,1,Maybe I need to change my flair? Wen Ferrari!? ![img](emote|t5_37jgj|32641)
2023-10-14 07:08:08,Comment,1,Up and down goes it goes. ![img](emote|t5_37jgj|32637)
2023-10-14 05:01:03,Comment,2,![img](emote|t5_37jgj|32641)
2023-10-13 21:06:28,Comment,1,![img](emote|t5_37jgj|32641)
2023-10-13 12:13:38,Comment,2,This is the gwei! ![img](emote|t5_37jgj|32637)
2023-10-13 09:43:44,Comment,3,I remember thinking $60 Eth was expensive lol
2023-10-13 09:16:31,Comment,1,Iâ€™m a donut maxi ![img](emote|t5_37jgj|32641)
2023-10-13 09:07:39,Comment,1,All aboard! ![img](emote|t5_37jgj|32641)
2023-10-13 02:46:08,Comment,2,Good point lol
2023-10-13 02:35:26,Comment,3,.01499 up 14.8% in the last 24hrs
2023-10-13 02:22:25,Comment,4,Donuts blasting off my bronuts! ![img](emote|t5_37jgj|32641)
2023-10-13 02:10:28,Comment,1,1 lambo burrito plz
2023-10-13 01:53:12,Comment,1,![img](emote|t5_37jgj|32641)
2023-10-12 21:28:04,Comment,1,"Surprise, surprise."
2023-10-12 20:04:09,Comment,1,All black for me.
2023-10-12 15:39:34,Comment,1,Panik Rekt
2023-10-12 07:58:07,Comment,2,Excited for the rest of the posts. Good work!
2023-10-12 07:31:13,Comment,2,This is how we know we are hitting the bottom soon. So much Fud! ![img](emote|t5_37jgj|32641)
2023-10-12 06:55:39,Comment,1,Donâ€™t be the next victim! ![img](emote|t5_37jgj|32646)
2023-10-12 05:45:15,Comment,1,Ouch! ğŸ’€
2023-10-12 05:31:12,Comment,0,Fud ![img](emote|t5_37jgj|32637)
2023-10-12 02:09:59,Comment,1,"For the cheapest lambo, donuts would need to be valued at $400 to make that happen. This is hopium to the max and Iâ€™m all for it! ![gif](emote|free_emotes_pack|upvote)"
2023-10-12 01:58:36,Comment,1,Eye on the prize! ![img](emote|t5_37jgj|32641)
2023-10-12 01:34:52,Comment,2,![img](emote|t5_37jgj|32643)
2023-10-12 01:29:27,Comment,2,Thank you! Whatâ€™s up with yours lol?
2023-10-11 21:08:33,Comment,1,A donut a day keeps the doctor awayâ€¦ or something like that.
2023-10-11 20:17:00,Comment,1,Bae.
2023-10-11 19:42:27,Comment,1,![img](emote|t5_37jgj|32641)
2023-10-11 19:37:37,Comment,2,Pack your bags bronuts. We are going to the moon! ![img](emote|t5_37jgj|32641)
2023-10-11 18:32:57,Comment,2,âœï¸
2023-10-11 18:30:23,Comment,2,A bronut can dream! ![img](emote|t5_37jgj|32638)ğŸš€
2023-10-11 18:27:02,Comment,1,With time I believe they will. Thank you!
2023-10-11 13:57:26,Comment,1,$.25 donuts you say?? ğŸ¤¤
2023-10-11 08:16:52,Comment,2,True but unfortunately older generations eat this stuff up.
2023-10-11 08:13:07,Comment,2,They will do whatever they can to make crypto look bad. Crypto was created for a reason after all.
2023-10-11 08:03:14,Comment,1,I have my eyes on the prize! ![img](emote|t5_37jgj|32641)
2023-10-11 07:56:24,Comment,3,I would also like to sign up for a lambo.
2023-10-11 07:50:05,Comment,1,![img](emote|t5_37jgj|32637)=â™¾ï¸
2023-10-11 07:12:32,Comment,2,Whales gonna whale.
2023-10-11 03:49:21,Comment,3,Happy Bronut day! ![img](emote|t5_37jgj|32638)
2023-10-10 20:52:50,Comment,1,Happy BRONUT day! ![img](emote|t5_37jgj|32638)
2023-10-10 20:51:39,Comment,1,"When you thought you bought the dip

but forgot about the dip to the dip to the dippity dip."
2023-10-10 20:29:14,Comment,1,Congrats to the seller lol
2023-10-10 08:01:09,Comment,2,Bummer
2023-10-10 07:53:12,Comment,3,Iâ€™m ready to book a flight! ![img](emote|t5_37jgj|32641)
2023-10-10 07:49:42,Comment,1,Another news? Iâ€™m getting bored bronuts. ![img](emote|t5_37jgj|32638)
2023-10-10 06:20:36,Comment,1,Nice!
2023-10-10 06:18:18,Comment,1,!monthlystats
2023-10-10 04:17:24,Comment,1,He probably went all in on $squid
2023-10-10 02:15:16,Comment,5,![img](emote|t5_37jgj|32638)
2023-10-09 20:28:49,Comment,1,Hopefully this isnâ€™t a new top ğŸ˜¬
2023-10-09 20:16:11,Comment,0,![img](emote|t5_37jgj|32641)
2023-10-09 19:18:17,Comment,1,Fud ğŸ˜‘
2023-10-09 08:59:12,Comment,1,V4.2069
2023-10-09 08:46:09,Comment,3,Every tech company is laying off workers these days.
2023-10-09 08:43:17,Comment,1,Mondays donâ€™t always have to be bad!
2023-10-09 08:42:09,Comment,1,Iâ€™m personally waiting for V4.20
2023-10-09 08:39:09,Comment,2,Straight to jail.
2023-10-09 08:30:17,Comment,2,What if Vitalik is Satoshi?
2023-10-09 08:29:41,Comment,1,ğŸ’©ğŸ’©ğŸ’©ğŸ˜
2023-10-09 08:26:23,Comment,2,Of course they are. ğŸ«£
2023-10-09 08:22:18,Comment,1,I can do what I want in my DMs thank you very much.
2023-10-09 08:14:20,Comment,2,Here comes the sun! â˜€ï¸
2023-10-09 08:08:31,Comment,8,He was a pioneer.
2023-10-09 08:03:04,Comment,1,leveraged trades arenâ€™t for me. ğŸ’€
2023-10-09 07:44:05,Comment,2,It could just as easily drop to $.80 ğŸ«¡
2023-10-09 07:16:22,Comment,1,This is why you take your coins off the exchange immediately.
2023-10-09 07:00:44,Comment,2,Everyday something new comes out with these losers. Feels bad for the people who got rekt by FTX.
2023-10-09 06:57:10,Comment,2,North Korea doing its thang. ğŸ´â€â˜ ï¸
2023-10-09 06:53:24,Comment,3,Whales gonna whale. ğŸ³
2023-10-09 02:57:18,Comment,1,Justin Sun is not a bronut. Heâ€™s evil.
2023-10-09 01:02:47,Comment,1,Wen? lol ![img](emote|t5_37jgj|32633)
2023-10-09 01:00:39,Comment,1,ğŸ˜
2023-10-09 00:58:00,Comment,3,Chocolate frosted are my favorite!
2023-10-09 00:45:41,Comment,1,But I love polygon ğŸ˜­
2023-10-09 00:42:52,Comment,5,Donuts for Dinner! ![img](emote|t5_37jgj|32638)
2023-10-08 23:21:01,Comment,1,Literally have never heard of this site.
2023-10-08 21:10:18,Comment,1,"This is the story of every bear market. Many come. Many go.

Fear not, Bronuts! Donuts are here to stay! ![img](emote|t5_37jgj|32638)"
2023-10-08 18:56:18,Comment,0,Good work bronut! ![img](emote|t5_37jgj|32638)
2023-10-08 15:06:51,Comment,1,Iâ€™m not gonna gamble my donuts away but love the idea! ![img](emote|t5_37jgj|32636)
2023-10-08 08:36:32,Comment,2,10) Buy high. Sell low. ![img](emote|t5_37jgj|32646)
2023-10-08 08:00:21,Comment,1,Donâ€™t get rekt Bronuts! ![img](emote|t5_37jgj|32638)![img](emote|t5_37jgj|32637)
2023-10-08 04:58:48,Comment,1,Donuts do it for me. ![img](emote|t5_37jgj|32641)
2023-10-07 23:40:06,Comment,4,BRONUTS4LIFE ![img](emote|t5_37jgj|32641)![img](emote|t5_37jgj|32638)
2023-10-07 15:26:02,Comment,2,It was a wrap when Charlie Lee sold all his coins in like 2017.
2023-10-07 15:24:21,Comment,2,Litecoin ğŸ˜
2023-10-07 07:48:00,Comment,2,Sheâ€™s dedicated ![img](emote|t5_37jgj|32636)![img](emote|t5_37jgj|32638)
2023-10-06 23:23:34,Comment,2,You too! TGIF! ![img](emote|t5_37jgj|32638)
2023-10-06 23:23:09,Comment,2,I think you are lost what day it is lmao.
2023-10-06 23:19:04,Comment,3,Not in California lol
2023-10-06 23:15:43,Comment,2,![img](emote|t5_37jgj|32641)
2023-10-06 23:14:17,Comment,5,Happy Friday bronuts! ![img](emote|t5_37jgj|32650)![img](emote|t5_37jgj|32638)![img](emote|t5_37jgj|32650)![img](emote|t5_37jgj|32638)
2023-10-06 23:08:43,Comment,1,Self sabotage at its finest! ğŸ‘¢
2023-10-06 20:20:37,Comment,1,ğŸ”¥ğŸ”¥ğŸ”¥
2023-10-06 20:13:01,Comment,1,I think they are awesome! ![img](emote|t5_37jgj|32637)
2023-10-06 18:35:07,Comment,1,Lmao! ğŸ˜­
2023-10-06 18:18:39,Comment,0,Gotta spread the love! Frosted donuts are my favorite! ![img](emote|t5_37jgj|32638)
2023-10-06 17:56:58,Comment,1,Ready for blast off! ![img](emote|t5_37jgj|32641)![img](emote|t5_37jgj|32637)
2023-10-05 05:58:08,Comment,1,I prefer ethereum thanks tho! ![img](emote|t5_37jgj|32637)
2023-10-05 04:40:20,Comment,1,Iâ€™m a fan of him.
2023-10-05 01:17:03,Comment,2,This is the gwei bronut!
